group,channel,tvg_id,epg_id,source,status,note
"Bangladesh","Ananda TV","AnandaTV.bd","","","NO_INDIA_GUIDE","Not expected to be covered by Indian DTH guides."
"Bangladesh","Asian TV","AsianTV.bd","","","NO_INDIA_GUIDE","Not expected to be covered by Indian DTH guides."
"Bangladesh","ATN Bangla","ATNBangla.bd","","","NO_INDIA_GUIDE","Not expected to be covered by Indian DTH guides."
"Bangladesh","ATN News","local.atn-news","","","NO_INDIA_GUIDE","Not expected to be covered by Indian DTH guides."
"Bangladesh","Bangla TV","BanglaTV.bd","","","NO_INDIA_GUIDE","Not expected to be covered by Indian DTH guides."
"Bangladesh","Bangla Vision","BanglaVision.bd","","","NO_INDIA_GUIDE","Not expected to be covered by Indian DTH guides."
"Bangladesh","Bijoy TV","BijoyTV.bd","","","NO_INDIA_GUIDE","Not expected to be covered by Indian DTH guides."
"Bangladesh","Boishakhi TV","BoishakhiTV.bd","","","NO_INDIA_GUIDE","Not expected to be covered by Indian DTH guides."
"Bangladesh","BTV Chattogram","BTVChattogram.bd","","","NO_INDIA_GUIDE","Not expected to be covered by Indian DTH guides."
"Bangladesh","BTV National","BTVNational.bd","","","NO_INDIA_GUIDE","Not expected to be covered by Indian DTH guides."
"Bangladesh","BTV News","local.0646349a4378","","","NO_INDIA_GUIDE","Not expected to be covered by Indian DTH guides."
"Bangladesh","CBN TV USA","local.cae839ff2cdb","","","NO_INDIA_GUIDE","Not expected to be covered by Indian DTH guides."
"Bangladesh","Channel 1","local.a9570e029843","","","NO_INDIA_GUIDE","Not expected to be covered by Indian DTH guides."
"Bangladesh","Channel 16","local.29621c2210b1","","","NO_INDIA_GUIDE","Not expected to be covered by Indian DTH guides."
"Bangladesh","Channel 24","Channel24.bd","","","NO_INDIA_GUIDE","Not expected to be covered by Indian DTH guides."
"Bangladesh","Channel 9","Channel9.bd","","","NO_INDIA_GUIDE","Not expected to be covered by Indian DTH guides."
"Bangladesh","Channel I","ChannelI.bd","","","NO_INDIA_GUIDE","Not expected to be covered by Indian DTH guides."
"Bangladesh","DBC News","DBCNews.bd","","","NO_INDIA_GUIDE","Not expected to be covered by Indian DTH guides."
"Bangladesh","Deepto TV","DeeptoTV.bd","","","NO_INDIA_GUIDE","Not expected to be covered by Indian DTH guides."
"Bangladesh","Desh TV","DeshTV.bd","","","NO_INDIA_GUIDE","Not expected to be covered by Indian DTH guides."
"Bangladesh","Doyel TV","DoyelTV.ca@SD","","","NO_INDIA_GUIDE","Not expected to be covered by Indian DTH guides."
"Bangladesh","Ekattor TV","EkattorTV.bd","","","NO_INDIA_GUIDE","Not expected to be covered by Indian DTH guides."
"Bangladesh","Ekhon TV","EkhonTV.bd","","","NO_INDIA_GUIDE","Not expected to be covered by Indian DTH guides."
"Bangladesh","Ekushey TV","EkusheyTV.bd","","","NO_INDIA_GUIDE","Not expected to be covered by Indian DTH guides."
"Bangladesh","Enter TV","local.47c0bd81bc1f","","","NO_INDIA_GUIDE","Not expected to be covered by Indian DTH guides."
"Bangladesh","G Series Drama","GSeriesDrama.bd","","","NO_INDIA_GUIDE","Not expected to be covered by Indian DTH guides."
"Bangladesh","G TV","GaziTV.bd","","","NO_INDIA_GUIDE","Not expected to be covered by Indian DTH guides."
"Bangladesh","Global TV","GlobalTV.bd","","","NO_INDIA_GUIDE","Not expected to be covered by Indian DTH guides."
"Bangladesh","Independent TV","IndependentTV.bd","","","NO_INDIA_GUIDE","Not expected to be covered by Indian DTH guides."
"Bangladesh","Jago News 24","JagoNews24.bd","","","NO_INDIA_GUIDE","Not expected to be covered by Indian DTH guides."
"Bangladesh","Jamuna TV","JamunaTV.bd","","","NO_INDIA_GUIDE","Not expected to be covered by Indian DTH guides."
"Bangladesh","Jonmobhumi TV","JonmoBhumiTV.au","","","NO_INDIA_GUIDE","Not expected to be covered by Indian DTH guides."
"Bangladesh","Maasranga TV","MaasrangaTV.bd","","","NO_INDIA_GUIDE","Not expected to be covered by Indian DTH guides."
"Bangladesh","ME TV","METV.bd","","","NO_INDIA_GUIDE","Not expected to be covered by Indian DTH guides."
"Bangladesh","Mohona TV","MohonaTV.bd","","","NO_INDIA_GUIDE","Not expected to be covered by Indian DTH guides."
"Bangladesh","Movie Bangla","MovieBangla.bd","","","NO_INDIA_GUIDE","Not expected to be covered by Indian DTH guides."
"Bangladesh","My TV","MyTV.bd","","","NO_INDIA_GUIDE","Not expected to be covered by Indian DTH guides."
"Bangladesh","Nagorik TV","NagorikTV.bd","","","NO_INDIA_GUIDE","Not expected to be covered by Indian DTH guides."
"Bangladesh","News 21 Bangla TV","local.news-21-bangla-tv","","","NO_INDIA_GUIDE","Not expected to be covered by Indian DTH guides."
"Bangladesh","News 24","News24.bd","","","REJECTED","Name matched an India guide, but channel identity/region does not safely match the Indian guide channel."
"Bangladesh","Nexus TV","NexusTV.bd","","","NO_INDIA_GUIDE","Not expected to be covered by Indian DTH guides."
"Bangladesh","NTV","NTV.bd","","","REJECTED","Name matched an India guide, but channel identity/region does not safely match the Indian guide channel."
"Bangladesh","NTV Europe","NTVEurope.bd","","","NO_INDIA_GUIDE","Not expected to be covered by Indian DTH guides."
"Bangladesh","Rajdhani TV","RajdhaniTV.bd","","","NO_INDIA_GUIDE","Not expected to be covered by Indian DTH guides."
"Bangladesh","RTV","RTV.bd","","","NO_INDIA_GUIDE","Not expected to be covered by Indian DTH guides."
"Bangladesh","SA TV","SATV.bd","","","NO_INDIA_GUIDE","Not expected to be covered by Indian DTH guides."
"Bangladesh","Somoy TV","SomoyNewsTV.bd","","","NO_INDIA_GUIDE","Not expected to be covered by Indian DTH guides."
"Bangladesh","SRK","local.264717e2eb10","","","NO_INDIA_GUIDE","Not expected to be covered by Indian DTH guides."
"Bangladesh","Star News","local.star-news","","","NO_INDIA_GUIDE","Not expected to be covered by Indian DTH guides."
"Bangladesh","Thikana","ThikanaTV.us","","","NO_INDIA_GUIDE","Not expected to be covered by Indian DTH guides."
"Indian Bangla","Aakaash Aath","AakaashAath.in","AakaashAath.in@SD | Aakash.Aath.in","DishTV + TataPlay","MAPPED","ID/base/name mapping found in iptv-org India channel maps."
"Indian Bangla","Alankar TV","AlankarTV.in","AlankarTV.in@SD","DishTV + TataPlay","MAPPED","ID/base/name mapping found in iptv-org India channel maps."
"Indian Bangla","Amar Bangla","AamarBangla.in","","","UNMAPPED",""
"Indian Bangla","Amar Bangla Digital","local.1d6cdda4509e","","","UNMAPPED",""
"Indian Bangla","Bangla Plus","BanglaPlus.in","","","UNMAPPED",""
"Indian Bangla","BHI Channel","BHI Channel","","","UNMAPPED",""
"Indian Bangla","Colors Bangla","ColorsBangla.in","Colors.Bangla.in","DishTV + TataPlay","MAPPED","ID/base/name mapping found in iptv-org India channel maps."
"Indian Bangla","Colors Bangla Cinema","ColorsBanglaCinema.in","ColorsBanglaCinema.in@SD","DishTV + TataPlay","MAPPED","ID/base/name mapping found in iptv-org India channel maps."
"Indian Bangla","Colors Bangla HD","local.bb3c3114fb20","ColorsBangla.in@SD","DishTV + TataPlay","MAPPED","ID/base/name mapping found in iptv-org India channel maps."
"Indian Bangla","DD Bangla","DDBangla.in","DDBangla.in@SD","DishTV + TataPlay","MAPPED","ID/base/name mapping found in iptv-org India channel maps."
"Indian Bangla","DD Tripura","DDTripura.in","DDTripura.in@SD","DishTV/TataPlay","MAPPED","Canonical India guide mapping; programme availability is verified separately by the live EPG coverage audit."
"Indian Bangla","Dhoom Music Bangla","DhoomMusic.in","DhoomMusic.in@SD","DishTV","MAPPED","ID/base/name mapping found in iptv-org India channel maps."
"Indian Bangla","Enter10 Bangla","local.enter-10-bangla","Enterr10Bangla.in@SD","TataPlay/DishTV channel mapping","MAPPED","name variant: Enter10 → Enterr10"
"Indian Bangla","Jalsha Movies HD","local.285a6aa870f3","Star.Jalsha.Movies.in","DishTV + TataPlay","MAPPED","ID/base/name mapping found in iptv-org India channel maps."
"Indian Bangla","Jhankar TV","JhankarTV.ca","","","UNMAPPED",""
"Indian Bangla","Jtv Classic","local.13a774fd5195","","","UNMAPPED",""
"Indian Bangla","Khushboo Bangla","KhushbooBangla.in","KhushbooBangla.in@SD","DishTV + TataPlay","MAPPED","ID/base/name mapping found in iptv-org India channel maps."
"Indian Bangla","Matri Bhumi TV","local.matri-bhumi-tv","","","UNMAPPED",""
"Indian Bangla","Mon Bangla","MONTVBangla.in","","","UNMAPPED",""
"Indian Bangla","R Plus Gold","RPlusGold.in@SD","","","UNMAPPED",""
"Indian Bangla","Rongeen TV","RongeenTV.in","RongeenTV.in@SD","TataPlay","MAPPED","ID/base/name mapping found in iptv-org India channel maps."
"Indian Bangla","Ruposhi Bangla","RupasiBangla.in","RupasiBangla.in@SD | RUPASI.BANGLA.in","DishTV + TataPlay","MAPPED","ID/base/name mapping found in iptv-org India channel maps."
"Indian Bangla","SUN BANGLA","SunBangla.in","SunBangla.in@SD","DishTV + TataPlay","MAPPED","ID/base/name mapping found in iptv-org India channel maps."
"Indian Bangla","Sananda","SanandaTV.in","","","UNMAPPED",""
"Indian Bangla","Sangeet Bangla","SangeetBangla.in","SangeetBangla.in@SD","DishTV + TataPlay","MAPPED","ID/base/name mapping found in iptv-org India channel maps."
"Indian Bangla","SNB Cinema","local.2480c4fd00cb","","","UNMAPPED",""
"Indian Bangla","Sony AATH","SonyAath.in","Sony.Aath.in","DishTV + TataPlay","MAPPED","ID/base/name mapping found in iptv-org India channel maps."
"Indian Bangla","Star Jalsha","StarJalsha.in","Star.Jalsha.in","DishTV + TataPlay","MAPPED","ID/base/name mapping found in iptv-org India channel maps."
"Indian Bangla","U Bangla","UBangla.in","","","UNMAPPED",""
"Indian Bangla","ZB Cinema","ZBCinema.in","ZeeBanglaCinema.in@SD | ZeeBanglaSonar.in@SD | ZEE.BANGLA.CINEMA.in","Existing verified EPG alias","MAPPED","Existing repository alias retained; requires runtime programme check."
"Indian Bangla","Zee 24 Ghanta","local.zee-24-ghanta","Zee24Ghanta.in@SD","DishTV + TataPlay","MAPPED","ID/base/name mapping found in iptv-org India channel maps."
"Indian Bangla","Zee Bangla","ZeeBangla.in","Zee.Bangla.in","DishTV + TataPlay","MAPPED","ID/base/name mapping found in iptv-org India channel maps."
"Indian Bangla","Zee Bangla HD","local.072484feec7e","Zee.Bangla.in","DishTV + TataPlay","MAPPED","ID/base/name mapping found in iptv-org India channel maps."
"Indian Bangla","Zee Bangla Sonar","ZeeBanglaSonar.in","ZeeBanglaSonar.in@SD|ZeeBanglaCinema.in@SD","DishTV/TataPlay","MAPPED","Canonical India guide mapping; programme availability is verified separately by the live EPG coverage audit."
"Indian Movies","Asianet Movies","AsianetMovies.in","AsianetMovies.in@SD","DishTV + TataPlay","MAPPED","ID/base/name mapping found in iptv-org India channel maps."
"Indian Movies","B4U Kadak","B4UKadak.in","B4UKadak.in@SD","DishTV + TataPlay","MAPPED","ID/base/name mapping found in iptv-org India channel maps."
"Indian Movies","B4U Movies","B4UMovies.in","B4UMovies.in@India","DishTV + TataPlay","MAPPED","ID/base/name mapping found in iptv-org India channel maps."
"Indian Movies","Bhojpuri Cinema","BhojpuriCinema.in","BhojpuriCinema.in@SD","DishTV + TataPlay","MAPPED","ID/base/name mapping found in iptv-org India channel maps."
"Indian Movies","Bollywood Film","BollywoodFilm.ro","","","UNMAPPED",""
"Indian Movies","Colors Cineplex","ColorsCineplex.in","ColorsCineplex.in@SD","DishTV + TataPlay","MAPPED","ID/base/name mapping found in iptv-org India channel maps."
"Indian Movies","Colors Cineplex [UK]","local.318535d9c7c4","","","UNMAPPED",""
"Indian Movies","Colors Cineplex Bollywood","ColorsCineplexBollywood.in","ColorsCineplexBollywood.in@SD","DishTV + TataPlay","MAPPED","ID/base/name mapping found in iptv-org India channel maps."
"Indian Movies","Epic Bhojpuri","EpicBhojpuri.in","EpicBhojpuri.in@SD","DishTV/TataPlay","MAPPED","Canonical India guide mapping; programme availability is verified separately by the live EPG coverage audit."
"Indian Movies","Epic Bhojpuri Digital","local.7e276999a297","","","UNMAPPED",""
"Indian Movies","Gold Mines Movie","local.gold-mines-movie","GoldminesMovies.in@SD | Goldmines.Movies.in | Goldmines.Movies.Today.For.Dd.Free.Dish.Users.in2 | Goldmines.Movie.Today.in2","TataPlay/DishTV channel mapping","MAPPED","name variant: Gold Mines Movie → Goldmines Movies"
"Indian Movies","Goldmines","Goldmines.in","Goldmines.in@SD | Goldmines.in","DishTV + TataPlay","MAPPED","ID/base/name mapping found in iptv-org India channel maps."
"Indian Movies","Goldmines Action","GoldminesAction.in","","","UNMAPPED",""
"Indian Movies","Goldmines Bollywood","GoldminesBollywood.in","GoldminesBollywood.in@SD | Goldmines.Bollywood.in | Goldmines.Bollywood.Today.in2","DishTV + TataPlay","MAPPED","ID/base/name mapping found in iptv-org India channel maps."
"Indian Movies","Hindi Movie Classic 24","local.a35fc6b70b2d","","","UNMAPPED",""
"Indian Movies","Kairali Arabia","KairaliArabia.in","","","UNMAPPED",""
"Indian Movies","Kairali TV","KairaliTV.in","KairaliTV.in@SD","DishTV + TataPlay","MAPPED","ID/base/name mapping found in iptv-org India channel maps."
"Indian Movies","Kairali We","KairaliWe.in","KairaliWe.in@SD","DishTV + TataPlay","MAPPED","ID/base/name mapping found in iptv-org India channel maps."
"Indian Movies","Madhimugam TV","MadhimugamTV.in","","","UNMAPPED",""
"Indian Movies","Mahaa Max","MahaaMax.in","","","UNMAPPED",""
"Indian Movies","MBC Bollywood","MBCBollywood.ae","","","UNMAPPED",""
"Indian Movies","MH One Movies","MHOneMovies.in","","","UNMAPPED",""
"Indian Movies","MNTV (Tamil)","MarutamTV.in","","","UNMAPPED",""
"Indian Movies","NH BollyFlix","NHBollyFlix.in","","","UNMAPPED",""
"Indian Movies","NH BollyGold","NHBollyGold.in","","","UNMAPPED",""
"Indian Movies","NH Tamil Gold","NHTamilGold.in","","","UNMAPPED",""
"Indian Movies","Pitaara TV","Pitaara.in","Pitaara.in@SD","DishTV + TataPlay","MAPPED","ID/base/name mapping found in iptv-org India channel maps."
"Indian Movies","Pocket Films","PocketFilms.in","","","UNMAPPED",""
"Indian Movies","Public Movies","PublicMovies.in","PublicMovies.in@SD","DishTV + TataPlay","MAPPED","ID/base/name mapping found in iptv-org India channel maps."
"Indian Movies","Punjabi Shorts","PunjabiShorts.in","","","UNMAPPED",""
"Indian Movies","Raj Digital Plus","RajDigitalPlus.in","RajDigitalPlus.in@SD","DishTV + TataPlay","MAPPED","ID/base/name mapping found in iptv-org India channel maps."
"Indian Movies","Raj TV","RajTV.in","RajTV.in@SD","DishTV + TataPlay","MAPPED","ID/base/name mapping found in iptv-org India channel maps."
"Indian Movies","Roja Movies","RojaMovies.in","RojaMovies.in@SD","DishTV/TataPlay","MAPPED","Canonical India guide mapping; programme availability is verified separately by the live EPG coverage audit."
"Indian Movies","Shemaroo Bollywood","ShemarooBollywood.us","","","UNMAPPED",""
"Indian Movies","Shubh Cinema TV","ShubhCinemaTV.in","","","UNMAPPED",""
"Indian Movies","Sony Max","SonyMax.in","SonyMax.in@SD","DishTV + TataPlay","MAPPED","ID/base/name mapping found in iptv-org India channel maps."
"Indian Movies","Sony Max 2","SonyMax2.in","SonyMax2.in@SD","DishTV + TataPlay","MAPPED","ID/base/name mapping found in iptv-org India channel maps."
"Indian Movies","Sony Max 2 [US]","local.f84628a5cf6e","","","UNMAPPED",""
"Indian Movies","South Movies","South Movies","","","UNMAPPED",""
"Indian Movies","South Station","SouthStation.in","","","UNMAPPED",""
"Indian Movies","Star Gold","StarGold.in","StarGold.in@HD","DishTV + TataPlay","MAPPED","ID/base/name mapping found in iptv-org India channel maps."
"Indian Movies","Star Gold Select","StarGoldSelect.in","StarGoldSelect.in@SD","DishTV + TataPlay","MAPPED","ID/base/name mapping found in iptv-org India channel maps."
"Indian Movies","Star Gold Thrills","StarGoldThrills.in@SD","StarGoldThrills.in@SD","DishTV + TataPlay","MAPPED","ID/base/name mapping found in iptv-org India channel maps."
"Indian Movies","Star Maa Movies","StarMaaMovies.in","StarMaaMovies.in@SD","DishTV + TataPlay","MAPPED","ID/base/name mapping found in iptv-org India channel maps."
"Indian Movies","Tabbar Hits","TabbarHits.in","TabbarHits.in","DishTV","MAPPED","ID/base/name mapping found in iptv-org India channel maps."
"Indian Movies","Thalaa TV","ThalaaTV.in","","","UNMAPPED",""
"Indian Movies","The Movie Club HD","TheMovieClub.in@HD","","","UNMAPPED",""
"Indian Movies","The Movie Club +2","TheMovieClub.in@Plus2","","","UNMAPPED",""
"Indian Movies","Tolly TV","TollyTV.in","","","UNMAPPED",""
"Indian Movies","Zee Action","ZeeAction.in","","","UNMAPPED",""
"Indian Movies","Zee Bollywood","ZeeBollywood.in","ZeeBollywood.in@SD","DishTV + TataPlay","MAPPED","ID/base/name mapping found in iptv-org India channel maps."
"Indian Movies","Zee Cinema","ZeeCinema.in","ZeeCinema.in@HD","DishTV + TataPlay","MAPPED","ID/base/name mapping found in iptv-org India channel maps."
"Indian Music","7S Music","7SMusic.in","","","UNMAPPED",""
"Indian Music","7X Punjabi","7X Music","","","UNMAPPED",""
"Indian Music","8XM","8XM.pk","","","UNMAPPED",""
"Indian Music","9X Jalwa","9XJalwa.in","","","UNMAPPED",""
"Indian Music","9X Jhakaas","9XJhakaas.in","9XJhakaas.in@SD","DishTV","MAPPED","ID/base/name mapping found in iptv-org India channel maps."
"Indian Music","9X Tashan","9XTashan.in","9XTashan.in@SD","DishTV","MAPPED","ID/base/name mapping found in iptv-org India channel maps."
"Indian Music","9XM","9XM.in","9XM.in@SD","DishTV + TataPlay","MAPPED","ID/base/name mapping found in iptv-org India channel maps."
"Indian Music","Aaryaa TV","AaryaaTV.in","","","UNMAPPED",""
"Indian Music","ARY Music","ARYMusic.pk","","","UNMAPPED",""
"Indian Music","B4U Music","B4UMusic.in","B4UMusic.in@India","DishTV + TataPlay","MAPPED","ID/base/name mapping found in iptv-org India channel maps."
"Indian Music","Balle Balle","BalleBalle.in","BalleBalle.in@SD","DishTV","MAPPED","ID/base/name mapping found in iptv-org India channel maps."
"Indian Music","Deewana HD","DeewanaHD.in","","","UNMAPPED",""
"Indian Music","Desi Channel","DesiChannel.in","","","UNMAPPED",""
"Indian Music","E24","E24.in","","","UNMAPPED",""
"Indian Music","Epic Music","EpicMusic.in","EpicMusic.in@SD","DishTV + TataPlay","MAPPED","ID/base/name mapping found in iptv-org India channel maps."
"Indian Music","ETV Music","ETVMusic.in","","","UNMAPPED",""
"Indian Music","Hindi Hits","HindiHits.in","","","UNMAPPED",""
"Indian Music","Insync","Insync.in","","","UNMAPPED",""
"Indian Music","Isai Aruvi","IsaiAruvi.in","IsaiAruvi.in@SD","DishTV + TataPlay","MAPPED","ID/base/name mapping found in iptv-org India channel maps."
"Indian Music","Joo Music","JooMusic.pk","","","UNMAPPED",""
"Indian Music","Kappa TV","KappaTV.in","KappaTV.in@SD","TataPlay","MAPPED","ID/base/name mapping found in iptv-org India channel maps."
"Indian Music","Music India","MusicIndia.in","MusicIndia.in@SD","DishTV","MAPPED","ID/base/name mapping found in iptv-org India channel maps."
"Indian Music","NH BollyRaga","NHBollyRaga.in","","","UNMAPPED",""
"Indian Music","Only Music","Only Music","","","UNMAPPED",""
"Indian Music","PTC Music","PTCMusic.in","PTCMusic.in@SD","DishTV + TataPlay","MAPPED","ID/base/name mapping found in iptv-org India channel maps."
"Indian Music","Public Music","PublicMusic.in","PublicMusic.in@SD","DishTV + TataPlay","MAPPED","ID/base/name mapping found in iptv-org India channel maps."
"Indian Music","Punjabi Hits","PunjabiHits.in","","","UNMAPPED",""
"Indian Music","Raj Musix Kannada","RajMusixKannada.in","RajMusixKannada.in@SD","DishTV + TataPlay","MAPPED","ID/base/name mapping found in iptv-org India channel maps."
"Indian Music","Raj Musix Malayalam","RajMusixMalayalam.in","RajMusixMalayalam.in@SD","DishTV + TataPlay","MAPPED","ID/base/name mapping found in iptv-org India channel maps."
"Indian Music","Raj Musix Tamil","RajMusixTamil.in","RajMusixTamil.in@SD","DishTV + TataPlay","MAPPED","ID/base/name mapping found in iptv-org India channel maps."
"Indian Music","Ramdhenu","Ramdhenu.in","Ramdhenu.in@SD","DishTV + TataPlay","MAPPED","ID/base/name mapping found in iptv-org India channel maps."
"Indian Music","Saga Music","SagaMusic.in","","","UNMAPPED",""
"Indian Music","Saga Music Haryanvi","SagaMusicHaryanvi","","","UNMAPPED",""
"Indian Music","Sana Plus","SanaPlus.in","SanaPlus.in@SD","TataPlay","MAPPED","ID/base/name mapping found in iptv-org India channel maps."
"Indian Music","Sun Music","SunMusic.in","SunMusic.in@SD","DishTV + TataPlay","MAPPED","ID/base/name mapping found in iptv-org India channel maps."
"Indian Music","Tarang Music","TarangMusic.in","TarangMusic.in@SD","DishTV + TataPlay","MAPPED","ID/base/name mapping found in iptv-org India channel maps."
"Indian Music","Ultimate TV","UltimateTV.in","UltimateTV.in@SD","TataPlay","MAPPED","ID/base/name mapping found in iptv-org India channel maps."
"Indian Music","YRF Music","YRFMusic.in","","","UNMAPPED",""
"Indian Music","ZB Music","ZBMusic.in","","","UNMAPPED",""
"Indian Music","Zoom TV","Zoom.in","Zoom.in@SD","DishTV + TataPlay","MAPPED","ID/base/name mapping found in iptv-org India channel maps."
"Indian Entertainment","&TV","AndTV.in","AndTV.in@SD | &TV.HD.in","DishTV + TataPlay","MAPPED","ID/base/name mapping found in iptv-org India channel maps."
"Indian Entertainment","Amrita TV","AmritaTV.in","AmritaTV.in@SD","DishTV + TataPlay","MAPPED","ID/base/name mapping found in iptv-org India channel maps."
"Indian Entertainment","Anand TV","AnandTV.in","AnandTV.in@SD","TataPlay","MAPPED","ID/base/name mapping found in iptv-org India channel maps."
"Indian Entertainment","Big Magic","BigMagic.in","BigMagic.in@SD","DishTV + TataPlay","MAPPED","ID/base/name mapping found in iptv-org India channel maps."
"Indian Entertainment","C Malayalam TV","CMalayalamTV.ca@SD","","","UNMAPPED",""
"Indian Entertainment","Colors","local.5f40adcebbde","Colors.in@SD","DishTV + TataPlay","MAPPED","ID/base/name mapping found in iptv-org India channel maps."
"Indian Entertainment","Colors Kannada","ColorsKannada.in","ColorsKannada.in@SD","DishTV + TataPlay","MAPPED","ID/base/name mapping found in iptv-org India channel maps."
"Indian Entertainment","Colors Marathi","ColorsMarathi.in","ColorsMarathi.in@SD","DishTV + TataPlay","MAPPED","ID/base/name mapping found in iptv-org India channel maps."
"Indian Entertainment","Colors Rishtey","ColorsRishteyAmericas.in","","","REJECTED","Name matched an India guide, but channel identity/region does not safely match the Indian guide channel."
"Indian Entertainment","Colors Tamil","ColorsTamil.in","ColorsTamil.in@SD","DishTV + TataPlay","MAPPED","ID/base/name mapping found in iptv-org India channel maps."
"Indian Entertainment","Dangal","DangalTV.in","DangalTV.in@SD","DishTV + TataPlay","MAPPED","ID/base/name mapping found in iptv-org India channel maps."
"Indian Entertainment","Dangal 2","Dangal2.in","Dangal2.in@SD","DishTV + TataPlay","MAPPED","ID/base/name mapping found in iptv-org India channel maps."
"Indian Entertainment","Darshana TV","DarshanaTV.in","DarshanaTV.in@SD","DishTV","MAPPED","ID/base/name mapping found in iptv-org India channel maps."
"Indian Entertainment","DD Arun Prabha","DDArunPrabha.in","DDArunPrabha.in@SD","DishTV + TataPlay","MAPPED","ID/base/name mapping found in iptv-org India channel maps."
"Indian Entertainment","DD Assam","DDAssam.in","DDAssam.in@SD","DishTV/TataPlay","MAPPED","Canonical India guide mapping; programme availability is verified separately by the live EPG coverage audit."
"Indian Entertainment","DD Bharati","DDBharati.in","DDBharati.in@SD","DishTV + TataPlay","MAPPED","ID/base/name mapping found in iptv-org India channel maps."
"Indian Entertainment","DD Chandana","DDChandana.in","DDChandana.in@SD","DishTV + TataPlay","MAPPED","ID/base/name mapping found in iptv-org India channel maps."
"Indian Entertainment","DD Girnar","DDGirnar.in","DDGirnar.in@SD","DishTV + TataPlay","MAPPED","ID/base/name mapping found in iptv-org India channel maps."
"Indian Entertainment","DD Goa","DDGoa.in","DDGoa.in@SD","DishTV/TataPlay","MAPPED","Canonical India guide mapping; programme availability is verified separately by the live EPG coverage audit."
"Indian Entertainment","DD Haryana","DDHaryana.in","DDHaryana.in@SD","DishTV/TataPlay","MAPPED","Canonical India guide mapping; programme availability is verified separately by the live EPG coverage audit."
"Indian Entertainment","DD Himachal Pradesh","DDHimachalPradesh.in","DDHimachalPradesh.in@SD","TataPlay","MAPPED","ID/base/name mapping found in iptv-org India channel maps."
"Indian Entertainment","DD Jharkhand","DDJharkhand.in","DDJharkhand.in@SD","DishTV/TataPlay","MAPPED","Canonical India guide mapping; programme availability is verified separately by the live EPG coverage audit."
"Indian Entertainment","DD Kashir","DDKashir.in","DDKashir.in@SD","DishTV + TataPlay","MAPPED","ID/base/name mapping found in iptv-org India channel maps."
"Indian Entertainment","DD Malayalam","DDMalayalam.in","DDMalayalam.in@SD","DishTV + TataPlay","MAPPED","ID/base/name mapping found in iptv-org India channel maps."
"Indian Entertainment","DD Manipur","DDManipur.in","DDManipur.in@SD","DishTV/TataPlay","MAPPED","Canonical India guide mapping; programme availability is verified separately by the live EPG coverage audit."
"Indian Entertainment","DD Meghalaya","DDMeghalaya.in","DDMeghalaya.in@SD","DishTV/TataPlay","MAPPED","Canonical India guide mapping; programme availability is verified separately by the live EPG coverage audit."
"Indian Entertainment","DD Nagaland","DDNagaland.in","DDNagaland.in@SD","DishTV/TataPlay","MAPPED","Canonical India guide mapping; programme availability is verified separately by the live EPG coverage audit."
"Indian Entertainment","DD National","DDNational.in","DDNational.in@SD","DishTV + TataPlay","MAPPED","ID/base/name mapping found in iptv-org India channel maps."
"Indian Entertainment","DD Odia","DDOdia.in","DDOdia.in@SD","DishTV + TataPlay","MAPPED","ID/base/name mapping found in iptv-org India channel maps."
"Indian Entertainment","DD Punjabi","DDPunjabi.in","DDPunjabi.in@SD","DishTV + TataPlay","MAPPED","ID/base/name mapping found in iptv-org India channel maps."
"Indian Entertainment","DD Sahyadri","DDSahyadri.in","DDSahyadri.in@SD","DishTV + TataPlay","MAPPED","ID/base/name mapping found in iptv-org India channel maps."
"Indian Entertainment","DD Saptagiri","DDSaptagiri.in","DDSaptagiri.in@SD","DishTV + TataPlay","MAPPED","ID/base/name mapping found in iptv-org India channel maps."
"Indian Entertainment","DD Tamil","DDTamil.in","DDTamil.in@SD","DishTV + TataPlay","MAPPED","ID/base/name mapping found in iptv-org India channel maps."
"Indian Entertainment","DD Urdu","DDUrdu.in","DDUrdu.in@SD","DishTV + TataPlay","MAPPED","ID/base/name mapping found in iptv-org India channel maps."
"Indian Entertainment","Epic Bharat","EpicBharat.in","EpicBharat.in@SD","DishTV/TataPlay","MAPPED","Canonical India guide mapping; programme availability is verified separately by the live EPG coverage audit."
"Indian Entertainment","Epic TV Digital","local.823c9581dfe9","","","UNMAPPED",""
"Indian Entertainment","ETV Comedy","ETVComedy.in","","","UNMAPPED",""
"Indian Entertainment","ETV Josh","ETVJosh.in","","","UNMAPPED",""
"Indian Entertainment","Fakt Marathi","FaktMarathi.in","FaktMarathi.in@SD","DishTV + TataPlay","MAPPED","ID/base/name mapping found in iptv-org India channel maps."
"Indian Entertainment","Flowers US","local.3330199dc352","","","REJECTED","Name matched an India guide, but channel identity/region does not safely match the Indian guide channel."
"Indian Entertainment","Geo Kahani","GeoKahani.pk","","","UNMAPPED",""
"Indian Entertainment","HMTV","HMTV.in","HMTV.in@SD | HM.TV.in","DishTV + TataPlay","MAPPED","ID/base/name mapping found in iptv-org India channel maps."
"Indian Entertainment","HUM TV","HumTV.pk","","","UNMAPPED",""
"Indian Entertainment","Kalaignar Murasu","KalaignarMurasu.in","KalaignarMurasu.in | MURASU.in","DishTV + TataPlay","MAPPED","ID/base/name mapping found in iptv-org India channel maps."
"Indian Entertainment","Kalaignar TV","KalaignarTV.in","KalaignarTV.in@SD","DishTV + TataPlay","MAPPED","ID/base/name mapping found in iptv-org India channel maps."
"Indian Entertainment","Manoranjan Prime","ManoranjanPrime.in","ManoranjanPrime.in@SD","DishTV/TataPlay","MAPPED","Canonical India guide mapping; programme availability is verified separately by the live EPG coverage audit."
"Indian Entertainment","Mazhavil Manorama","MazhavilManorama.in","MazhavilManorama.in@SD","DishTV + TataPlay","MAPPED","ID/base/name mapping found in iptv-org India channel maps."
"Indian Entertainment","Mei Alai TV","MeiAlaiTV.in","","","UNMAPPED",""
"Indian Entertainment","MH One Dil Se","MHOneDilSe.in","MHOneDilSe.in@SD | MH1.Dil.Se.in | Mh1.Dil.Se.Tv.Channel.Today.in2","DishTV","MAPPED","ID/base/name mapping found in iptv-org India channel maps."
"Indian Entertainment","MH One Prime","Mh1Prime.in","","","UNMAPPED",""
"Indian Entertainment","MK Six","MKSix.in","","","UNMAPPED",""
"Indian Entertainment","MTV (India)","MTV.in@SD","MTV.in@SD | MTV.in","DishTV + TataPlay","MAPPED","ID/base/name mapping found in iptv-org India channel maps."
"Indian Entertainment","Nazara","local.4ff686856fe3","","","UNMAPPED",""
"Indian Entertainment","NKR TV Kannada","NKRTVKannada.in","","","UNMAPPED",""
"Indian Entertainment","Oscar Movies Bhojpuri","OscarMoviesBhojpuri.in@SD","OscarMoviesBhojpuri.in@SD | Oscar.Movies.Bhojpuri.in | Oscar.Movies.Bhojpuri.Tv.in2","DishTV + TataPlay","MAPPED","ID/base/name mapping found in iptv-org India channel maps."
"Indian Entertainment","Pardesi TV","PardesiTV.ca","","","UNMAPPED",""
"Indian Entertainment","PTC Punjabi","PTCPunjabi.in","PTCPunjabi.in@SD","DishTV + TataPlay","MAPPED","ID/base/name mapping found in iptv-org India channel maps."
"Indian Entertainment","PTC Punjabi Gold","PTCPunjabiGold.in","PTCPunjabiGold.in@SD","DishTV + TataPlay","MAPPED","ID/base/name mapping found in iptv-org India channel maps."
"Indian Entertainment","Puthuyugam TV","PuthuyugamTV.in","PuthuyugamTV.in@SD","DishTV","MAPPED","ID/base/name mapping found in iptv-org India channel maps."
"Indian Entertainment","Q TV","QTV.in","","","UNMAPPED",""
"Indian Entertainment","SADA TV","SADATV.in","","","UNMAPPED",""
"Indian Entertainment","Sana TV","SanaTV.in","SanaTV.in@SD","DishTV/TataPlay","MAPPED","Canonical India guide mapping; programme availability is verified separately by the live EPG coverage audit."
"Indian Entertainment","Shemaroo Josh","ShemarooJosh.in","ShemarooJosh.in@SD","DishTV/TataPlay","MAPPED","Canonical India guide mapping; programme availability is verified separately by the live EPG coverage audit."
"Indian Entertainment","Siri Kannada","SiriKannada.in","SiriKannada.in@SD","DishTV","MAPPED","ID/base/name mapping found in iptv-org India channel maps."
"Indian Entertainment","Siri Kannada All Time","SiriKannadaAllTime.in","","","UNMAPPED",""
"Indian Entertainment","Sony Entertainment TV","SonyEntertainmentTelevision","SonyEntertainmentTelevision.in@SD","TataPlay/DishTV channel mapping","MAPPED","playlist ID lacks .in suffix"
"Indian Entertainment","Sony KAL","SonyKALHindi.us","","","UNMAPPED",""
"Indian Entertainment","Sony SAB","SonySAB.in","SonySAB.in@HD","DishTV + TataPlay","MAPPED","ID/base/name mapping found in iptv-org India channel maps."
"Indian Entertainment","Sony SAB HD","SonySAB.in@HD","SonySAB.in@HD","DishTV + TataPlay","MAPPED","ID/base/name mapping found in iptv-org India channel maps."
"Indian Entertainment","Star Maa","StarMaa.in","StarMaa.in@SD","DishTV + TataPlay","MAPPED","ID/base/name mapping found in iptv-org India channel maps."
"Indian Entertainment","Star Plus","StarPlus.in","StarPlus.in@SD","DishTV + TataPlay","MAPPED","ID/base/name mapping found in iptv-org India channel maps."
"Indian Entertainment","Star Pravah","StarPravah.in","StarPravah.in@SD","DishTV + TataPlay","MAPPED","ID/base/name mapping found in iptv-org India channel maps."
"Indian Entertainment","Studio Yuva","StudioYuva.in","","","UNMAPPED",""
"Indian Entertainment","Subin TV","SubinTV.in","SubinTV.in@SD","DishTV/TataPlay","MAPPED","Canonical India guide mapping; programme availability is verified separately by the live EPG coverage audit."
"Indian Entertainment","Suriya TV","SuriyaTV.in","","","UNMAPPED",""
"Indian Entertainment","Tamilan TV","TamilanTV.in","","","UNMAPPED",""
"Indian Entertainment","Thanthi One","ThanthiOne.in","","","UNMAPPED",""
"Indian Entertainment","Vanitha TV","VanithaTV.in","VanithaTV.in@SD","TataPlay","MAPPED","ID/base/name mapping found in iptv-org India channel maps."
"Indian Entertainment","Vasanth TV","VasanthTV.in","VasanthTV.in@SD","DishTV + TataPlay","MAPPED","ID/base/name mapping found in iptv-org India channel maps."
"Indian Entertainment","Vendhar TV","VendharTV.in","VendharTV.in@SD","TataPlay","MAPPED","ID/base/name mapping found in iptv-org India channel maps."
"Indian Entertainment","Vissa TV","VissaTV.in","VissaTV.in@SD","DishTV + TataPlay","MAPPED","ID/base/name mapping found in iptv-org India channel maps."
"Indian Entertainment","Zee Anmol","AnmolTV.in","AnmolTV.in@SD","DishTV","MAPPED","ID/base/name mapping found in iptv-org India channel maps."
"Indian Entertainment","Zee Kannada","ZeeKannada.in","ZeeKannada.in@SD","DishTV + TataPlay","MAPPED","ID/base/name mapping found in iptv-org India channel maps."
"Indian Entertainment","Zee Tamil","ZeeTamil.in","ZeeTamil.in@SD","DishTV + TataPlay","MAPPED","ID/base/name mapping found in iptv-org India channel maps."
"Indian Entertainment","Zee TV","ZeeTV.in","ZeeTV.in@SD","DishTV + TataPlay","MAPPED","ID/base/name mapping found in iptv-org India channel maps."
"International","24 Hour Free Movies","24HourFreeMovies.us","","","UNMAPPED",""
"International","4ever Cinema (1080p)","4everCinema.ua","","","UNMAPPED",""
"International","4ever Drama (1080p)","4everDrama.ua","","","UNMAPPED",""
"International","4ever Music (1080p)","4everMusic.ua","","","UNMAPPED",""
"International","Action Hollywood Movies","plex.tv.Action.Hollywood.Movies.plex","","","UNMAPPED",""
"International","AMC Triller","plex.tv.AMC.Thrillers.plex","","","UNMAPPED",""
"International","Bang Bang TV","BangBangTV","","","UNMAPPED",""
"International","Baraza Music TV","BarazaMusicTV.gr","","","UNMAPPED",""
"International","BBC Drama (1080p)","BBCDrama.uk","","","UNMAPPED",""
"International","Cinevault Westerns","CinevaultWesterns.us","","","UNMAPPED",""
"International","Circle","Circle.us","","","UNMAPPED",""
"International","CMC-USA Country Music Channel","CMCUSACountryMusicChannel.us@SD","","","UNMAPPED",""
"International","EBS Cinema","EBSCinema.us","","","UNMAPPED",""
"International","EBS Musika","EBSMusika.us","","","UNMAPPED",""
"International","EU Music (1080p)","EUMusic.ua","","","UNMAPPED",""
"International","FilmUA Live","FilmUALive.ua","","","UNMAPPED",""
"International","iFilm English","iFilmEnglish.ir","","","UNMAPPED",""
"International","LoL TV","LoLTV.in","","","UNMAPPED",""
"International","Made in Hollywood","MadeInHollywood.us@SD","","","UNMAPPED",""
"International","MBC Drama USA (1080p)","MBCDramaUSA.us","","","UNMAPPED",""
"International","Megogo Music","MegogoMusic.ua","","","UNMAPPED",""
"International","Mei Ah Movie Channel","MeiAhMovieChannel.hk","","","UNMAPPED",""
"International","MovieSphere AU (1080p)","MovieSphere.us@AU","","","UNMAPPED",""
"International","MovieSphere Gold","MovieSphereGold.us","","","UNMAPPED",""
"International","MovieSphere UK (1080p)","MovieSphere.us@UK","","","UNMAPPED",""
"International","MTV2","MTV2.us","","","UNMAPPED",""
"International","Music Box Classic","MusicBoxClassic.cz","","","UNMAPPED",""
"International","Music Box Dance","MusicBoxDance.cz","","","UNMAPPED",""
"International","Music Box Sexy","MusicBoxSexy.cz","","","UNMAPPED",""
"International","Music Channel","Boni-Records.com.us","","","UNMAPPED",""
"International","My Cinema","MyCinema.us","","","UNMAPPED",""
"International","My Cinema Europe","MyCinemaEurope.ch","","","UNMAPPED",""
"International","Mytime Movie","MyTimeMovieNetwork.uk@SD","","","UNMAPPED",""
"International","MyTime Movie Network BR","MyTimeMovieNetwork.br@SD","","","UNMAPPED",""
"International","MyTime Movie Network East","MyTimeMovieNetworkEast.us","","","UNMAPPED",""
"International","NASHE Music","NASHEMusic.ua","","","UNMAPPED",""
"International","NOW Rock (1080p)","NOWRock.uk@SD","","","UNMAPPED",""
"International","POP World TV","POPWorldTV.es","","","UNMAPPED",""
"International","Rakuten Movies","RakutenMovies","","","UNMAPPED",""
"International","Rakuten TV Action Movies UK (1080p)","RakutenTVActionMovies.es@UK","","","UNMAPPED",""
"International","Rakuten TV Comedy Movies UK (1080p)","RakutenTVComedyMovies.es@UK","","","UNMAPPED",""
"International","Rakuten TV Drama Movies UK (1080p)","RakutenTVDramaMovies.es@UK","","","UNMAPPED",""
"International","Rakuten TV Family Movies UK (1080p)","RakutenTVFamilyMovies.es@UK","","","UNMAPPED",""
"International","Songdew TV","SongdewTV.in","SongdewTV.in@SD","DishTV","MAPPED","ID/base/name mapping found in iptv-org India channel maps."
"International","Sony Movies","SonyMovies.in","","","UNMAPPED",""
"International","Sparkle Movies","GBAJ400042T1","","","UNMAPPED",""
"International","Star Movies","StarMovies.in","StarMovies.in@SD","DishTV + TataPlay","MAPPED","ID/base/name mapping found in iptv-org India channel maps."
"International","Star Movies Select","StarMoviesSelect.in","StarMoviesSelect.in@HD","DishTV + TataPlay","MAPPED","ID/base/name mapping found in iptv-org India channel maps."
"International","Starz Cinema","StarzCinema.us","","","UNMAPPED",""
"International","Stingray Rock Alternative","StingrayRockAlternative.ca","","","UNMAPPED",""
"International","Stingray Today's Latin Pop","StingrayTodaysLatinPop.ca","","","UNMAPPED",""
"International","The Film Detective","TheFilmDetective.us","","","UNMAPPED",""
"International","Totalmusic (1080p)","Totalmusic.uk","","","UNMAPPED",""
"International","Totalmusic 80s (1080p)","Totalmusic80s.uk","","","UNMAPPED",""
"International","Totalmusic Concerts (1080p)","TotalmusicConcerts.uk","","","UNMAPPED",""
"International","Totalmusic Dance (1080p)","TotalmusicDance.uk","","","UNMAPPED",""
"International","Vevo Hip Hop & R&B","GBBD2300001C0","","","UNMAPPED",""
"International","XITE","XITE.nl","","","UNMAPPED",""
"International","XITE Hits UK (1080p)","XITEHits.nl@UK","","","UNMAPPED",""
"Documentary & Wildlife","Adventure Earth","local.adventure-earth","","","UNMAPPED",""
"Documentary & Wildlife","Amazing Discoveries TV","AmazingDiscoveriesTV.ca","","","UNMAPPED",""
"Documentary & Wildlife","Animal Planet","AnimalPlanet.in","AnimalPlanet.in@SD","DishTV + TataPlay","MAPPED","ID/base/name mapping found in iptv-org India channel maps."
"Documentary & Wildlife","Animal Planet HD","AnimalPlanet.in@HD","AnimalPlanet.in@HD","DishTV + TataPlay","MAPPED","ID/base/name mapping found in iptv-org India channel maps."
"Documentary & Wildlife","Autentic Adventure Earth","local.5ece5845b6dd","","","UNMAPPED",""
"Documentary & Wildlife","Autentic History","AutenticHistory.de","","","UNMAPPED",""
"Documentary & Wildlife","BBC Earth","BBCEarth.ca","","","UNMAPPED",""
"Documentary & Wildlife","Bon Voyage","local.2ca58b9ec1cd","","","UNMAPPED",""
"Documentary & Wildlife","CGTN Documentary","CGTNDocumentary.cn","","","UNMAPPED",""
"Documentary & Wildlife","Choppertown","Choppertown.us","","","UNMAPPED",""
"Documentary & Wildlife","Crime & Justice","local.9bbdcae2e024","","","UNMAPPED",""
"Documentary & Wildlife","Crime Scene TV","local.cf04dcfd3018","","","UNMAPPED",""
"Documentary & Wildlife","Discovery","DiscoveryChannel.in","DiscoveryChannel.in@SD","DishTV + TataPlay","MAPPED","ID/base/name mapping found in iptv-org India channel maps."
"Documentary & Wildlife","Discovery Pakistan","DiscoverPakistan.pk","","","UNMAPPED",""
"Documentary & Wildlife","DocuBay TV","DocuBayTV.in","","","UNMAPPED",""
"Documentary & Wildlife","Documentary+ 2","local.f79a842eb97d","","","UNMAPPED",""
"Documentary & Wildlife","Documentary+ International","DocumentaryPlus","","","UNMAPPED",""
"Documentary & Wildlife","Documentary+ USA","local.d09d7b778d8e","","","UNMAPPED",""
"Documentary & Wildlife","Epic Crimes","EpicCrimes.in","","","UNMAPPED",""
"Documentary & Wildlife","Food Food","FoodFood.in","FoodFood.in@SD","TataPlay","MAPPED","ID/base/name mapping found in iptv-org India channel maps."
"Documentary & Wildlife","Get.factual","Getfactual.us","","","UNMAPPED",""
"Documentary & Wildlife","History","History.us","","","UNMAPPED",""
"Documentary & Wildlife","History & Warfare Now","HistoryWarfareNow.us","","","UNMAPPED",""
"Documentary & Wildlife","History Hit","HistoryHit.uk","","","UNMAPPED",""
"Documentary & Wildlife","History TV18","local.history-tv18","HistoryTV18.in@SD","DishTV + TataPlay","MAPPED","ID/base/name mapping found in iptv-org India channel maps."
"Documentary & Wildlife","House of Crime","local.1ed74477f967","","","UNMAPPED",""
"Documentary & Wildlife","INFAST","INFAST.nl","","","UNMAPPED",""
"Documentary & Wildlife","Inside Crime","InsideCrime.us","","","UNMAPPED",""
"Documentary & Wildlife","Investigation Discovery","InvestigationDiscovery.in","InvestigationDiscovery.in@SD","DishTV + TataPlay","MAPPED","ID/base/name mapping found in iptv-org India channel maps."
"Documentary & Wildlife","INWILD","INWILD.nl","","","UNMAPPED",""
"Documentary & Wildlife","InWonder","InWonder.nl","","","UNMAPPED",""
"Documentary & Wildlife","Knowledge Network","KnowledgeNetwork.ca","","","UNMAPPED",""
"Documentary & Wildlife","Life+Style","local.849a937cdf1d","","","UNMAPPED",""
"Documentary & Wildlife","Love Nature","local.4312048f3ba0","","","UNMAPPED",""
"Documentary & Wildlife","Meltem TV","MeltemTV.tr","","","UNMAPPED",""
"Documentary & Wildlife","Mysteries Xplored","USBB5200028MM","","","UNMAPPED",""
"Documentary & Wildlife","Mystery TV","MysteryTV.us","","","UNMAPPED",""
"Documentary & Wildlife","Mythbusters","Mythbusters.us","","","UNMAPPED",""
"Documentary & Wildlife","Nat Geo Wild","NationalGeographicWild.in","NationalGeographicWild.in@SD","DishTV + TataPlay","MAPPED","ID/base/name mapping found in iptv-org India channel maps."
"Documentary & Wildlife","National Geographic","NationalGeographic.in","NationalGeographic.in@SD","DishTV + TataPlay","MAPPED","ID/base/name mapping found in iptv-org India channel maps."
"Documentary & Wildlife","Nature Time","local.nature-time","","","UNMAPPED",""
"Documentary & Wildlife","Outdoor Channel","OutdoorChannel.us","","","UNMAPPED",""
"Documentary & Wildlife","OuterSphere","OuterSphere.us","","","UNMAPPED",""
"Documentary & Wildlife","Real Wild","RealWild.uk","","","UNMAPPED",""
"Documentary & Wildlife","Robot Wars by Mech+","local.358fe4699222","","","UNMAPPED",""
"Documentary & Wildlife","RT Documentary","RTDocumentary.ru","","","UNMAPPED",""
"Documentary & Wildlife","Safari TV","SafariTV.in","SafariTV.in@SD","DishTV + TataPlay","MAPPED","ID/base/name mapping found in iptv-org India channel maps."
"Documentary & Wildlife","Sony BBC Earth","SonyBBCEarth.in","SonyBBCEarth.in@SD","DishTV + TataPlay","MAPPED","ID/base/name mapping found in iptv-org India channel maps."
"Documentary & Wildlife","Sony BBC Earth HD","SonyBBCEarth.in@HD","SonyBBCEarth.in@HD","DishTV + TataPlay","MAPPED","ID/base/name mapping found in iptv-org India channel maps."
"Documentary & Wildlife","Stingray Naturescape","StingrayNaturescape.ca","","","UNMAPPED",""
"Documentary & Wildlife","Stingray The Spa","StingrayTheSpa.ca","","","UNMAPPED",""
"Documentary & Wildlife","Terra Mater WILD English","local.43be2e2ecc31","","","UNMAPPED",""
"Documentary & Wildlife","TLC","TLC.in","TLC.in@HD","DishTV + TataPlay","MAPPED","ID/base/name mapping found in iptv-org India channel maps."
"Documentary & Wildlife","Travelxp English","local.ffdca013962a","","","UNMAPPED",""
"Documentary & Wildlife","Travelxp Hindi","Travelxp.in","Travelxp.in@SD","DishTV + TataPlay","MAPPED","ID/base/name mapping found in iptv-org India channel maps."
"Documentary & Wildlife","Unidentified","Unidentified.us","","","UNMAPPED",""
"Documentary & Wildlife","Wild Flix Hindi","local.2ff5fac7d61c","","","UNMAPPED",""
"Documentary & Wildlife","Wild Planet","local.10aec2f64472","","","UNMAPPED",""
"Documentary & Wildlife","WildEarth","WildEarth.za","","","UNMAPPED",""
"Documentary & Wildlife","World War TV","local.5aea628e02ad","","","UNMAPPED",""
"Documentary & Wildlife","XXTreme Jobs Hindi","local.005ec127787c","","","UNMAPPED",""
"Kids","ADN TV+","ADNTVPlus.fr","","","UNMAPPED",""
"Kids","Afarin TV","AfarinTV.iq","","","UNMAPPED",""
"Kids","Baby Shark TV","BabySharkTV.us","","","UNMAPPED",""
"Kids","Bantul the Great","local.db1da46e0bcc","","","UNMAPPED",""
"Kids","Cartoon Network","CartoonNetwork.uk","","","REJECTED","Name matched an India guide, but channel identity/region does not safely match the Indian guide channel."
"Kids","Cartoon Network HD+","CartoonNetworkHDPlus.in","CartoonNetwork.in@SD","DishTV + TataPlay","MAPPED","ID/base/name mapping found in iptv-org India channel maps."
"Kids","Dios Te Ve Kids","local.14b26c2992e1","","","UNMAPPED",""
"Kids","Discovery Kids","DiscoveryKids.au","","","REJECTED","Name matched an India guide, but channel identity/region does not safely match the Indian guide channel."
"Kids","Disney Channel Hungary","DisneyChannel.hu","","","UNMAPPED",""
"Kids","Disney Channel India","DisneyChannel.in","DisneyChannel.in@HD | Disney.in","DishTV + TataPlay","MAPPED","ID/base/name mapping found in iptv-org India channel maps."
"Kids","Disney Jr.","local.4e794cea4ffe","","","UNMAPPED",""
"Kids","Doraemon TV","local.doraemon-tv","","","UNMAPPED",""
"Kids","Duck TV","local.4286518068f8","","","UNMAPPED",""
"Kids","Epic Kids Digital","local.40b69bfa0613","","","UNMAPPED",""
"Kids","Jungle Book","TheJungleBook.in","","","UNMAPPED",""
"Kids","Kartoon Channel!","KartoonChannel.us","","","UNMAPPED",""
"Kids","KidDo MATIX","local.6443062a2ce5","","","UNMAPPED",""
"Kids","Minimax","Minimax.hu","","","UNMAPPED",""
"Kids","Moonbug Kids","MoonbugKids.uk","","","UNMAPPED",""
"Kids","Motu Patlu","local.2b7c5a18304e","","","UNMAPPED",""
"Kids","Movie Dome Family","MovieDomeFamily","","","UNMAPPED",""
"Kids","Mr Bean Animated","MrBeanAnimated.uk","","","UNMAPPED",""
"Kids","Nick Bangla","local.nick-bangla","","","UNMAPPED",""
"Kids","Nick Jr.","NickJr.in","NickJr.in@SD","DishTV + TataPlay","MAPPED","ID/base/name mapping found in iptv-org India channel maps."
"Kids","like Gecko) Chrome/120.0.0.0 Safari/537.36"" group-title=""Kids"",Nick Jr. (Czech Republic)","NickJr.cz@SD","","","UNMAPPED",""
"Kids","Oggy and the cockroaches","Oggyandthecockroaches","","","UNMAPPED",""
"Kids","Pogo","Pogo.in","Pogo.in@SD","DishTV + TataPlay","MAPPED","ID/base/name mapping found in iptv-org India channel maps."
"Kids","POP","local.234e1ee9c354","","","UNMAPPED",""
"Kids","Pop (1080p)","Pop.uk@SD","","","UNMAPPED",""
"Kids","Powerkids Kartoon Channel","local.18292ea85199","","","UNMAPPED",""
"Kids","RetroCrush","RetroCrush.us","","","UNMAPPED",""
"Kids","Smurf TV","SmurfTV.us","","","UNMAPPED",""
"Kids","Sonic Bangla","local.sonic-bangla","","","UNMAPPED",""
"Kids","Sony Yay","SonyYay.in","SonyYay.in@SD","DishTV + TataPlay","MAPPED","ID/base/name mapping found in iptv-org India channel maps."
"Kids","Strawberry Shortcake","Strawberry Shortcake","","","UNMAPPED",""
"Kids","SuperToons TV","local.f7701a4b0175","","","UNMAPPED",""
"Kids","Teletubbies","Teletubbies.uk","","","UNMAPPED",""
"Kids","The LEGO Channel","LegoChannel.us","","","UNMAPPED",""
"Kids","Tiny Pop","TinyPop.uk","","","UNMAPPED",""
"Kids","Tom and Jerry","TomAndJerry.do","","","UNMAPPED",""
"Kids","Tooku","Tooku.ru","","","UNMAPPED",""
"Kids","Toon Goggles","ToonGoggles.us","","","UNMAPPED",""
"Kids","Toon Goggles Junior","local.04a7d04fc8c5","","","UNMAPPED",""
"Kids","Toonami Aftermath East","local.220a92666955","","","UNMAPPED",""
"Kids","TVCARiB Kids & Teens","local.23bd651bedd4","","","UNMAPPED",""
"Kids","WOW Kidz Hindi","WOWKidz.in@Hindi","","","UNMAPPED",""
"Kids","WOW Kidz Tamil","local.5a0c6e1770c3","","","UNMAPPED",""
"Kids","WOW Kidz Telugu","WOWKidz.in@Telugu","","","UNMAPPED",""
"Kids","ZooMoo","ZooMoo.sg","","","UNMAPPED",""
"Kids","Солнце","local.86529dbe4f63","","","REJECTED","Name matched an India guide, but channel identity/region does not safely match the Indian guide channel."
"Religious","Al Istiqama","AlistiqamaTV.om","","","NO_INDIA_GUIDE","Not expected to be covered by Indian DTH guides."
"Religious","Al Qamar","AlQamarTV.ae","","","NO_INDIA_GUIDE","Not expected to be covered by Indian DTH guides."
"Religious","Al Quran Al Kareem TV","AlQuranAlKareemTV.sa","","","NO_INDIA_GUIDE","Not expected to be covered by Indian DTH guides."
"Religious","ARY Q TV","local.f2281c686246","","","NO_INDIA_GUIDE","Not expected to be covered by Indian DTH guides."
"Religious","Azan TV","AzanTV.ca","","","NO_INDIA_GUIDE","Not expected to be covered by Indian DTH guides."
"Religious","Deen TV","DeenTV.uk","","","NO_INDIA_GUIDE","Not expected to be covered by Indian DTH guides."
"Religious","Iqra Bangla","IqraBangla.uk","","","NO_INDIA_GUIDE","Not expected to be covered by Indian DTH guides."
"Religious","Iqraa TV","IqraaTV","","","NO_INDIA_GUIDE","Not expected to be covered by Indian DTH guides."
"Religious","Islamic TV","IslamicTV.bd","","","NO_INDIA_GUIDE","Not expected to be covered by Indian DTH guides."
"Religious","Madani TV","local.0d1963c96d4b","","","NO_INDIA_GUIDE","Not expected to be covered by Indian DTH guides."
"Religious","Makkah Live","local.makkah-live","","","NO_INDIA_GUIDE","Not expected to be covered by Indian DTH guides."
"Religious","Makkah TV","MakkahTV.sa","","","NO_INDIA_GUIDE","Not expected to be covered by Indian DTH guides."
"Religious","Medina Live","MedinaLive.bd","","","NO_INDIA_GUIDE","Not expected to be covered by Indian DTH guides."
"Religious","Peace TV Bangla","PeaceTVBangla.ae","","","NO_INDIA_GUIDE","Not expected to be covered by Indian DTH guides."
"Religious","Peace TV English","PeaceTVEnglish.ae","","","NO_INDIA_GUIDE","Not expected to be covered by Indian DTH guides."
"Religious","Peace TV Urdu","PeaceTVUrdu.ae","","","NO_INDIA_GUIDE","Not expected to be covered by Indian DTH guides."
"Religious","Quran","local.8987fb927686","","","NO_INDIA_GUIDE","Not expected to be covered by Indian DTH guides."
"Religious","Quran TV","QuranTV.iq","","","NO_INDIA_GUIDE","Not expected to be covered by Indian DTH guides."
"Sports","A Sports","ASports.pk","","","UNMAPPED",""
"Sports","beIN Sports 1","Bein Sport HD 1","","","UNMAPPED",""
"Sports","Bein Sports 3","beINSports3.qa","","","UNMAPPED",""
"Sports","beIN SPORTS 6","beINSports6.qa","","","UNMAPPED",""
"Sports","beIN SPORTS 7","beINSports7.qa","","","UNMAPPED",""
"Sports","beIN SPORTS XTRA","beINSPORTSXTRA.us","","","UNMAPPED",""
"Sports","DD Sports","DDSports.in","DDSports.in@SD","DishTV + TataPlay","MAPPED","ID/base/name mapping found in iptv-org India channel maps."
"Sports","ESPN","ESPN.us","","","UNMAPPED",""
"Sports","EURO SPORT HD","Eurosport.in","Eurosport.in@SD","DishTV + TataPlay","MAPPED","ID/base/name mapping found in iptv-org India channel maps."
"Sports","FOX Cricket 501","foxsports501hd.au","","","UNMAPPED",""
"Sports","FOX Sports","FoxSports.ar","","","UNMAPPED",""
"Sports","Fox Sports 1","FoxSports1.us","","","UNMAPPED",""
"Sports","Goal TV","GoalTV.in","","","UNMAPPED",""
"Sports","NHL Network","NHLNetwork.us","","","UNMAPPED",""
"Sports","Sky Sports Action","SkySportsNFL.uk","","","UNMAPPED",""
"Sports","Sky Sports Cricket","SkySportsCricket.ie","","","UNMAPPED",""
"Sports","Sky Sports Football","SkySportsFootball.ie","","","UNMAPPED",""
"Sports","Sony Sports Ten 3","SonySportsTen3.in","","","UNMAPPED",""
"Sports","Sony Ten 1","local.sony-ten-1","","","UNMAPPED",""
"Sports","Sony Ten 2","local.14595ff956ba","","","UNMAPPED",""
"Sports","Sony Ten 5","local.9b7bf8b44a1d","","","UNMAPPED",""
"Sports","Star Sports 1 Hindi","StarSports1Hindi.in","StarSports1Hindi.in@HD","DishTV + TataPlay","MAPPED","ID/base/name mapping found in iptv-org India channel maps."
"Sports","Star Sports SL 1","local.star-sports-sl-1","","","UNMAPPED",""
"Sports","Star Sports SL 2","StarSportsSL2.lk","","","UNMAPPED",""
"Sports","Ten Sports HD","TenSports.pk","","","UNMAPPED",""
"Documentary & Wildlife","Travelxp Bangla","local.be3de263fffd","","","UNMAPPED",""
"Sports","UFC TV","UFCTV.us","","","UNMAPPED",""
"Sports","Wipeout Xtra","WipeoutXtra.uk","","","UNMAPPED",""
"New Channels","B4U Bhojpuri","B4UBhojpuri.in@SD","B4UBhojpuri.in@SD | B4U.Bhojpuri.in | B4u.Bhojpuri.in2","DishTV + TataPlay","MAPPED","ID/base/name mapping found in iptv-org India channel maps."
"New Channels","Anjan TV","AnjanTV.in@SD","AnjanTV.in@SD | Anjan.TV.in","TataPlay","MAPPED","ID/base/name mapping found in iptv-org India channel maps."
"New Channels","Colors Gujarati","ColorsGujarati.in@SD","ColorsGujarati.in@SD","DishTV + TataPlay","MAPPED","ID/base/name mapping found in iptv-org India channel maps."
"New Channels","DD Madhya Pradesh","DDMadhyaPradesh.in@SD","DDMadhyaPradesh.in@SD","DishTV + TataPlay","MAPPED","ID/base/name mapping found in iptv-org India channel maps."
"New Channels","ETV Beats","ETVBeats.in@HD","","","UNMAPPED",""
"New Channels","ETV Cinema HD","ETVCinema.in@HD","ETVCinema.in","DishTV + TataPlay","MAPPED","ID/base/name mapping found in iptv-org India channel maps."
"New Channels","ETV Plus HD","ETVPlus.in@HD","ETVPlus.in","DishTV + TataPlay","MAPPED","ID/base/name mapping found in iptv-org India channel maps."
"New Channels","ETV Telugu HD","ETVTelugu.in@HD","ETVTelugu.in@HD","DishTV + TataPlay","MAPPED","ID/base/name mapping found in iptv-org India channel maps."
"New Channels","Maha Movie","MahaMovie.in@SD","","","UNMAPPED",""
"New Channels","Raj Musix Telugu","RajMusixTelugu.in@SD","RajMusixTelugu.in@SD","DishTV + TataPlay","MAPPED","ID/base/name mapping found in iptv-org India channel maps."
"New Channels","Sony Marathi","SonyMarathi.in@SD","SonyMarathi.in@SD","DishTV + TataPlay","MAPPED","ID/base/name mapping found in iptv-org India channel maps."
"New Channels","Sony Pal","SonyPal.in@SD","SonyPal.in@SD","DishTV + TataPlay","MAPPED","ID/base/name mapping found in iptv-org India channel maps."
"New Channels","Sony Pix HD","SonyPix.in@HD","SonyPix.in@HD","DishTV + TataPlay","MAPPED","ID/base/name mapping found in iptv-org India channel maps."
"New Channels","Sony Wah","SonyWah.in@SD","SonyWah.in@SD","DishTV + TataPlay","MAPPED","ID/base/name mapping found in iptv-org India channel maps."
"New Channels","Orange Bangla TV","OrangeBanglaTV.in@SD","","","UNMAPPED",""
"New Channels","California Music Channel","CaliforniaMusicChannel.us@HD","","","UNMAPPED",""
"New Channels","InTravel","InTravel.in@HD","","","UNMAPPED",""
"New Channels","Travel XP English EU","TravelXPEnglish.eu@HD","","","UNMAPPED",""
"New Channels","Filamchi Bhojpuri","FilamchiBhojpuri.in@SD","","","UNMAPPED",""
"New Channels","Gangaur","Gangaur.in@SD","","","UNMAPPED",""
